{
  "info": {
    "name": "HVAC Estimator API",
    "_postman_id": "12345678-abcd-efgh-ijkl-1234567890ab",
    "description": "Test HVAC estimator API endpoint",
    "schema": "https://schema.getpostman.com/json/collection/v2.1.0/collection.json"
  },
  "item": [
    {
      "name": "Calculate Estimate",
      "request": {
        "method": "POST",
        "header": [
          {
            "key": "Authorization",
            "value": "Bearer <YOUR_JWT_TOKEN>",
            "type": "text"
          },
          {
            "key": "Content-Type",
            "value": "application/json",
            "type": "text"
          }
        ],
        "body": {
          "mode": "raw",
          "raw": "{\n  \"estimateMode\": \"quick\",\n  \"quickData\": {\n    \"estimateMode\": \"quick\",\n    \"jobType\": \"installation\",\n    \"squareFootage\": 1600,\n    \"equipmentTier\": \"standard\",\n    \"laborHours\": 8,\n    \"zipCode\": \"90210\"\n  }\n}"
        },
        "url": {
          "raw": "http://localhost:3000/api/v1/estimator/calculate",
          "protocol": "http",
          "host": ["localhost"],
          "port": "3000",
          "path": ["api", "v1", "estimator", "calculate"]
        }
      },
      "response": []
    }
  ]
}